id	deliveryId	name	status	startTime	endTime	employeeId
1	2	PetServicing for Dog Boarding	COMPLETED	2023-06-28 14:04:07.000	2023-06-30 11:15:50.000	9
2	5	PetServicing for Cat Training	COMPLETED	2023-11-21 01:46:45.000	2023-11-23 23:44:22.000	8
3	7	PetServicing for Pet Taxi	COMPLETED	2022-04-05 06:55:35.000	2022-04-07 02:26:45.000	9
4	8	PetServicing for Cat Grooming	COMPLETED	2022-04-04 20:19:03.000	2022-04-07 20:15:12.000	1
5	10	PetServicing for Dog Training	IN_PROGRESS	2023-05-12 04:27:36.000	2023-05-14 16:57:13.000	8
6	11	PetServicing for Dog Walking	PENDING	2023-05-12 15:36:57.000	2023-05-12 20:04:54.000	2
7	12	PetServicing for Veterinary Consultation	PENDING	2023-05-12 08:42:29.000	2023-05-12 10:25:11.000	5
8	14	PetServicing for Cat Boarding	COMPLETED	2023-10-20 09:05:59.000	2023-10-20 23:37:44.000	9
9	15	PetServicing for Cat Grooming	COMPLETED	2023-10-19 13:42:15.000	2023-10-20 16:19:29.000	3
10	17	PetServicing for Pet Taxi	COMPLETED	2022-05-29 17:36:45.000	2022-05-31 04:54:28.000	2
11	18	PetServicing for Dog Boarding	COMPLETED	2022-05-29 15:54:02.000	2022-05-30 12:39:59.000	7
12	20	PetServicing for Cat Training	PENDING	2023-11-15 09:56:43.000	2023-11-18 00:46:24.000	9
13	21	PetServicing for Dog Boarding	PENDING	2023-11-15 19:04:01.000	2023-11-17 01:28:13.000	9
14	23	PetServicing for Dog Training	COMPLETED	2023-11-02 05:02:27.000	2023-11-02 17:13:48.000	5
15	24	PetServicing for Pet Taxi	COMPLETED	2023-11-02 05:28:59.000	2023-11-04 04:55:12.000	2
16	25	PetServicing for Pet Taxi	COMPLETED	2023-11-02 03:32:44.000	2023-11-04 00:49:59.000	3
17	27	PetServicing for Pet Taxi	COMPLETED	2023-05-12 07:18:38.000	2023-05-13 19:54:18.000	5
18	28	PetServicing for Pet Taxi	COMPLETED	2023-05-12 02:59:28.000	2023-05-14 04:38:44.000	3
19	30	PetServicing for Pet Taxi	COMPLETED	2023-09-08 20:12:31.000	2023-09-10 11:28:23.000	8
20	31	PetServicing for Cat Boarding	COMPLETED	2023-09-08 09:33:36.000	2023-09-10 04:16:53.000	5
21	33	PetServicing for Dog Grooming	COMPLETED	2023-05-07 15:21:07.000	2023-05-09 05:13:45.000	5
22	34	PetServicing for Cat Grooming	COMPLETED	2023-05-08 02:54:06.000	2023-05-10 21:23:10.000	3
23	35	PetServicing for Dog Training	COMPLETED	2023-05-07 14:35:00.000	2023-05-09 16:20:44.000	6
24	37	PetServicing for Pet Taxi	COMPLETED	2022-04-23 05:12:33.000	2022-04-24 10:51:54.000	3
25	38	PetServicing for Dog Boarding	COMPLETED	2022-04-23 15:03:09.000	2022-04-26 01:08:51.000	3
26	40	PetServicing for Dog Boarding	COMPLETED	2023-06-16 15:06:46.000	2023-06-18 06:26:58.000	4
27	41	PetServicing for Dog Grooming	COMPLETED	2023-06-16 17:28:14.000	2023-06-19 10:44:27.000	3
28	42	PetServicing for Cat Training	COMPLETED	2023-06-17 08:27:37.000	2023-06-17 20:55:05.000	4
29	44	PetServicing for Cat Training	COMPLETED	2022-01-29 05:20:10.000	2022-01-30 15:07:18.000	6
30	46	PetServicing for Pet Sitting	COMPLETED	2022-05-14 17:50:25.000	2022-05-15 09:30:46.000	1
31	49	PetServicing for Pet Taxi	COMPLETED	2022-06-21 08:57:14.000	2022-06-23 19:38:38.000	9
32	52	PetServicing for Cat Grooming	IN_PROGRESS	2022-02-08 00:14:17.000	2022-02-10 10:49:34.000	6
33	54	PetServicing for Dog Training	CANCELED	2023-12-13 14:06:18.000	2023-12-16 10:59:44.000	1
34	55	PetServicing for Cat Boarding	CANCELED	2023-12-13 09:33:43.000	2023-12-13 10:50:19.000	6
35	56	PetServicing for Dog Boarding	CANCELED	2023-12-13 07:21:28.000	2023-12-14 13:23:14.000	4
36	58	PetServicing for Dog Boarding	COMPLETED	2022-06-07 21:41:11.000	2022-06-10 04:58:16.000	7
37	60	PetServicing for Dog Boarding	COMPLETED	2022-09-28 16:24:47.000	2022-09-29 20:57:40.000	8
38	62	PetServicing for Cat Training	COMPLETED	2023-05-11 07:51:04.000	2023-05-12 21:22:14.000	5
39	63	PetServicing for Dog Boarding	COMPLETED	2023-05-11 13:38:38.000	2023-05-13 03:09:58.000	7
40	65	PetServicing for Dog Boarding	COMPLETED	2023-06-16 14:10:01.000	2023-06-19 11:44:52.000	3
41	67	PetServicing for Cat Boarding	COMPLETED	2023-07-07 11:19:17.000	2023-07-08 13:17:32.000	5
42	70	PetServicing for Dog Walking	COMPLETED	2023-01-18 08:27:47.000	2023-01-20 10:30:16.000	3
43	71	PetServicing for Pet Taxi	COMPLETED	2023-01-18 02:30:20.000	2023-01-20 19:18:35.000	4
44	73	PetServicing for Pet Sitting	COMPLETED	2023-03-20 20:06:02.000	2023-03-23 12:26:17.000	2
45	76	PetServicing for Pet Sitting	COMPLETED	2022-07-13 22:59:06.000	2022-07-15 05:05:55.000	7
46	77	PetServicing for Dog Grooming	COMPLETED	2022-07-14 05:14:33.000	2022-07-15 07:47:50.000	9
47	80	PetServicing for Dog Boarding	COMPLETED	2023-08-04 13:47:20.000	2023-08-04 16:47:25.000	2
48	81	PetServicing for Dog Walking	COMPLETED	2023-08-03 23:12:22.000	2023-08-05 03:07:07.000	8
49	83	PetServicing for Pet Taxi	COMPLETED	2023-03-03 01:37:43.000	2023-03-04 03:45:45.000	2
50	84	PetServicing for Dog Training	COMPLETED	2023-03-02 21:32:17.000	2023-03-04 17:08:50.000	8
51	86	PetServicing for Dog Walking	IN_PROGRESS	2023-10-25 11:33:27.000	2023-10-26 19:08:08.000	6
52	88	PetServicing for Dog Walking	CANCELED	2022-01-16 05:00:53.000	2022-01-16 09:01:48.000	6
53	90	PetServicing for Dog Boarding	CANCELED	2023-05-03 03:12:21.000	2023-05-04 21:44:01.000	9
54	92	PetServicing for Cat Training	COMPLETED	2022-08-27 04:30:52.000	2022-08-29 21:00:24.000	3
55	93	PetServicing for Dog Training	COMPLETED	2022-08-27 03:24:56.000	2022-08-29 02:42:09.000	2
56	95	PetServicing for Dog Grooming	CANCELED	2023-07-17 15:34:39.000	2023-07-17 18:05:33.000	1
57	96	PetServicing for Dog Training	CANCELED	2023-07-17 21:45:51.000	2023-07-20 21:30:59.000	9
58	98	PetServicing for Dog Walking	COMPLETED	2022-04-09 18:12:24.000	2022-04-10 11:42:47.000	3
59	99	PetServicing for Pet Taxi	COMPLETED	2022-04-09 21:17:40.000	2022-04-12 21:09:10.000	5
60	100	PetServicing for Cat Grooming	COMPLETED	2022-04-10 01:23:51.000	2022-04-12 20:28:25.000	6
61	102	PetServicing for Pet Sitting	COMPLETED	2023-07-10 18:35:08.000	2023-07-12 18:39:38.000	4
62	103	PetServicing for Cat Grooming	COMPLETED	2023-07-10 15:21:14.000	2023-07-13 13:02:08.000	4
63	105	PetServicing for Cat Grooming	COMPLETED	2022-05-07 06:50:32.000	2022-05-08 23:37:37.000	5
64	106	PetServicing for Dog Walking	COMPLETED	2022-05-08 02:41:18.000	2022-05-09 20:37:12.000	5
65	108	PetServicing for Cat Grooming	COMPLETED	2022-09-21 03:38:10.000	2022-09-22 13:13:03.000	3
66	109	PetServicing for Cat Boarding	COMPLETED	2022-09-20 16:31:31.000	2022-09-22 07:49:44.000	9
67	111	PetServicing for Cat Grooming	CANCELED	2023-10-18 05:01:21.000	2023-10-19 16:39:54.000	9
68	112	PetServicing for Dog Grooming	CANCELED	2023-10-17 16:42:31.000	2023-10-17 21:22:01.000	7
69	114	PetServicing for Dog Walking	COMPLETED	2023-06-30 05:25:42.000	2023-06-30 20:48:25.000	6
70	116	PetServicing for Dog Training	CANCELED	2023-02-11 07:18:14.000	2023-02-12 21:18:49.000	4
71	117	PetServicing for Cat Training	CANCELED	2023-02-11 22:48:16.000	2023-02-12 03:45:13.000	3
72	118	PetServicing for Dog Grooming	CANCELED	2023-02-11 23:37:33.000	2023-02-14 17:54:32.000	1
73	120	PetServicing for Pet Sitting	COMPLETED	2022-09-08 06:47:13.000	2022-09-08 13:35:17.000	1
74	121	PetServicing for Dog Training	COMPLETED	2022-09-08 13:04:17.000	2022-09-08 15:20:44.000	2
75	123	PetServicing for Dog Grooming	COMPLETED	2023-08-19 05:23:48.000	2023-08-22 00:14:19.000	8
76	125	PetServicing for Cat Grooming	PENDING	2022-02-24 10:32:28.000	2022-02-26 03:51:01.000	7
77	127	PetServicing for Dog Grooming	CANCELED	2023-04-23 04:40:09.000	2023-04-25 20:04:02.000	3
78	128	PetServicing for Cat Grooming	CANCELED	2023-04-23 12:41:57.000	2023-04-26 11:15:30.000	3
79	129	PetServicing for Dog Boarding	CANCELED	2023-04-22 22:10:02.000	2023-04-25 08:59:43.000	7
80	131	PetServicing for Dog Grooming	COMPLETED	2023-09-03 04:53:47.000	2023-09-05 04:38:48.000	2
81	132	PetServicing for Cat Boarding	COMPLETED	2023-09-02 18:22:16.000	2023-09-03 19:47:10.000	7
82	134	PetServicing for Cat Training	COMPLETED	2023-06-15 23:17:58.000	2023-06-17 22:52:47.000	6
83	136	PetServicing for Dog Walking	COMPLETED	2022-02-14 21:39:12.000	2022-02-16 04:46:37.000	9
84	137	PetServicing for Cat Grooming	COMPLETED	2022-02-15 07:30:31.000	2022-02-18 02:52:00.000	8
85	139	PetServicing for Dog Grooming	CANCELED	2022-05-10 00:56:59.000	2022-05-12 07:42:35.000	5
86	140	PetServicing for Dog Training	CANCELED	2022-05-09 16:46:58.000	2022-05-10 14:42:14.000	8
87	142	PetServicing for Cat Boarding	COMPLETED	2023-12-10 03:04:24.000	2023-12-11 09:58:20.000	3
88	143	PetServicing for Pet Sitting	COMPLETED	2023-12-10 05:18:59.000	2023-12-12 09:12:03.000	8
89	145	PetServicing for Cat Training	IN_PROGRESS	2023-10-13 17:37:20.000	2023-10-16 08:16:38.000	3
90	146	PetServicing for Cat Training	IN_PROGRESS	2023-10-13 14:54:44.000	2023-10-15 02:45:58.000	5
91	150	PetServicing for Dog Walking	COMPLETED	2022-07-07 00:36:46.000	2022-07-08 19:49:37.000	6
92	152	PetServicing for Dog Boarding	CANCELED	2023-01-31 20:39:25.000	2023-02-01 06:17:49.000	3
93	154	PetServicing for Dog Boarding	COMPLETED	2023-11-19 20:50:29.000	2023-11-22 07:41:42.000	7
94	156	PetServicing for Cat Training	COMPLETED	2022-03-21 08:40:23.000	2022-03-21 18:06:20.000	1
95	157	PetServicing for Dog Walking	COMPLETED	2022-03-21 09:12:11.000	2022-03-22 17:50:16.000	2
96	158	PetServicing for Cat Boarding	COMPLETED	2022-03-21 07:26:41.000	2022-03-23 19:44:40.000	6
97	160	PetServicing for Pet Sitting	COMPLETED	2023-07-09 06:54:30.000	2023-07-11 10:19:26.000	10
98	163	PetServicing for Dog Grooming	IN_PROGRESS	2022-08-11 05:03:42.000	2022-08-11 17:48:55.000	5
99	164	PetServicing for Veterinary Consultation	PENDING	2022-08-11 03:53:29.000	2022-08-12 15:18:59.000	5
100	166	PetServicing for Cat Training	COMPLETED	2022-11-03 10:50:28.000	2022-11-03 18:23:41.000	4
101	167	PetServicing for Pet Taxi	COMPLETED	2022-11-03 23:10:00.000	2022-11-05 02:52:40.000	5
102	170	PetServicing for Pet Sitting	COMPLETED	2022-07-21 05:23:01.000	2022-07-23 06:45:35.000	8
103	171	PetServicing for Dog Boarding	COMPLETED	2022-07-21 12:29:16.000	2022-07-23 06:59:45.000	2
104	173	PetServicing for Dog Training	CANCELED	2023-11-10 04:44:37.000	2023-11-11 00:43:37.000	5
105	175	PetServicing for Veterinary Consultation	COMPLETED	2023-01-01 22:40:50.000	2023-01-02 19:59:55.000	7
106	176	PetServicing for Veterinary Consultation	COMPLETED	2023-01-01 08:50:24.000	2023-01-03 07:57:16.000	9
107	178	PetServicing for Dog Walking	IN_PROGRESS	2023-10-31 21:11:20.000	2023-11-03 07:59:17.000	5
108	180	PetServicing for Dog Grooming	CANCELED	2022-12-10 08:28:24.000	2022-12-12 05:17:20.000	3
109	181	PetServicing for Cat Boarding	CANCELED	2022-12-10 04:26:58.000	2022-12-10 23:39:32.000	5
110	183	PetServicing for Cat Grooming	COMPLETED	2022-10-15 15:24:26.000	2022-10-17 06:05:28.000	5
111	184	PetServicing for Pet Taxi	COMPLETED	2022-10-15 08:37:55.000	2022-10-17 15:49:30.000	4
112	186	PetServicing for Cat Grooming	COMPLETED	2022-09-02 14:40:53.000	2022-09-05 00:02:49.000	2
113	187	PetServicing for Cat Boarding	COMPLETED	2022-09-02 20:36:48.000	2022-09-03 18:18:35.000	1
114	189	PetServicing for Cat Boarding	PENDING	2023-11-22 16:55:51.000	2023-11-24 10:49:17.000	3
115	193	PetServicing for Dog Training	COMPLETED	2023-02-19 12:40:44.000	2023-02-20 10:01:34.000	3
116	194	PetServicing for Pet Taxi	COMPLETED	2023-02-19 20:36:04.000	2023-02-22 10:02:07.000	6
117	196	PetServicing for Dog Training	COMPLETED	2022-11-26 00:22:22.000	2022-11-28 00:26:07.000	8
118	198	PetServicing for Dog Boarding	COMPLETED	2022-04-28 23:53:53.000	2022-04-30 18:37:39.000	8
119	199	PetServicing for Cat Grooming	COMPLETED	2022-04-28 14:03:27.000	2022-04-30 05:15:00.000	5
120	201	PetServicing for Cat Training	CANCELED	2023-04-27 23:06:16.000	2023-04-29 03:44:49.000	10
121	203	PetServicing for Dog Walking	COMPLETED	2022-05-14 08:01:09.000	2022-05-14 08:07:32.000	6
122	204	PetServicing for Dog Boarding	COMPLETED	2022-05-14 10:41:07.000	2022-05-16 02:22:25.000	5
123	205	PetServicing for Dog Training	COMPLETED	2022-05-14 05:09:12.000	2022-05-15 02:20:49.000	9
124	207	PetServicing for Dog Boarding	PENDING	2023-09-09 19:35:24.000	2023-09-09 23:04:06.000	9
125	208	PetServicing for Cat Boarding	PENDING	2023-09-09 11:54:06.000	2023-09-11 20:25:02.000	7
126	210	PetServicing for Dog Walking	COMPLETED	2023-10-26 16:22:42.000	2023-10-28 22:05:26.000	9
127	211	PetServicing for Pet Taxi	COMPLETED	2023-10-26 04:09:53.000	2023-10-27 17:21:25.000	9
128	212	PetServicing for Pet Taxi	COMPLETED	2023-10-26 04:19:16.000	2023-10-27 01:14:07.000	9
129	214	PetServicing for Veterinary Consultation	COMPLETED	2023-04-16 20:35:43.000	2023-04-19 04:02:45.000	4
130	215	PetServicing for Pet Taxi	COMPLETED	2023-04-17 04:37:59.000	2023-04-20 02:37:33.000	5
131	217	PetServicing for Cat Boarding	COMPLETED	2023-05-08 15:17:15.000	2023-05-10 04:31:54.000	5
132	218	PetServicing for Dog Boarding	COMPLETED	2023-05-08 00:29:50.000	2023-05-09 08:28:54.000	6
133	219	PetServicing for Cat Grooming	COMPLETED	2023-05-07 22:26:52.000	2023-05-09 05:42:48.000	6
134	221	PetServicing for Pet Sitting	COMPLETED	2023-07-30 20:20:10.000	2023-07-31 06:19:14.000	8
135	222	PetServicing for Cat Boarding	COMPLETED	2023-07-31 10:15:38.000	2023-08-02 02:18:41.000	6
136	224	PetServicing for Cat Boarding	COMPLETED	2023-02-28 23:50:54.000	2023-03-01 02:46:38.000	3
137	225	PetServicing for Veterinary Consultation	COMPLETED	2023-03-01 00:50:12.000	2023-03-01 11:28:43.000	1
138	227	PetServicing for Dog Boarding	COMPLETED	2023-12-31 10:35:41.000	2024-01-03 07:50:56.000	9
139	228	PetServicing for Cat Boarding	COMPLETED	2023-12-31 13:54:06.000	2023-12-31 18:45:11.000	7
140	231	PetServicing for Pet Sitting	COMPLETED	2022-01-07 07:22:36.000	2022-01-07 14:29:02.000	3
141	233	PetServicing for Cat Boarding	COMPLETED	2022-02-19 14:32:35.000	2022-02-21 12:33:22.000	7
142	235	PetServicing for Cat Training	COMPLETED	2022-04-29 06:50:33.000	2022-04-30 05:17:39.000	8
143	236	PetServicing for Dog Boarding	COMPLETED	2022-04-28 19:35:38.000	2022-04-29 09:27:11.000	10
144	237	PetServicing for Dog Grooming	COMPLETED	2022-04-28 21:27:42.000	2022-05-01 10:24:19.000	9
145	239	PetServicing for Veterinary Consultation	COMPLETED	2022-07-02 08:51:50.000	2022-07-02 17:16:09.000	9
146	241	PetServicing for Pet Taxi	COMPLETED	2023-08-30 12:07:42.000	2023-08-31 16:15:25.000	9
147	242	PetServicing for Dog Training	COMPLETED	2023-08-30 13:16:36.000	2023-09-01 23:22:39.000	9
